City_ID,City,Country,Lat,Lng,Max Temp,Humidity,Cloudiness,Wind Speed,Current Description
0,Bredasdorp,ZA,-34.5322,20.0403,55.27,94,100,3.44,overcast clouds
1,Mataura,NZ,-46.1927,168.8643,44.47,86,100,5.86,light rain
2,Yingcheng,CN,30.95,113.55,91.02,67,40,9.19,scattered clouds
3,Kamaishi,JP,39.2667,141.8833,83.26,75,16,12.03,few clouds
4,Puerto Ayora,EC,-0.7393,-90.3518,70.56,92,48,4.0,scattered clouds
5,Pangoa,PE,-12.1167,-73.0,65.35,72,37,2.77,scattered clouds
6,Naze,JP,28.3667,129.4833,80.37,87,85,17.87,light rain
7,Avarua,CK,-21.2078,-159.775,75.25,94,75,10.36,light rain
8,Ushuaia,AR,-54.8,-68.3,38.86,81,40,6.91,scattered clouds
9,Walvis Bay,NA,-22.9575,14.5053,74.35,16,0,18.41,clear sky
10,Yining,CN,29.0361,114.5636,95.4,51,0,3.51,clear sky
11,Manggar,ID,-2.8833,108.2667,85.26,63,91,12.59,overcast clouds
12,Kapaa,US,22.0752,-159.319,85.98,78,45,3.0,scattered clouds
13,Solnechnyy,RU,50.7214,136.6319,74.57,60,97,5.66,overcast clouds
14,Jacareacanga,BR,-6.2222,-57.7528,78.01,47,58,1.1,broken clouds
15,Port Elizabeth,ZA,-33.918,25.5701,61.11,94,75,11.5,moderate rain
16,Namibe,AO,-15.1961,12.1522,66.25,87,5,2.06,clear sky
17,Provideniya,RU,64.3833,-173.3,42.91,81,90,20.13,moderate rain
18,Ostrovnoy,RU,68.0531,39.5131,52.43,77,38,8.43,scattered clouds
19,Changli,CN,39.7042,119.1506,79.47,66,2,7.85,clear sky
20,Tafo,GH,6.7345,-1.6127,68.36,98,9,2.91,clear sky
21,Suba,PH,10.8438,121.0102,84.15,80,95,18.77,overcast clouds
22,Quatre Cocos,MU,-20.2078,57.7625,68.11,69,6,12.88,clear sky
23,Djambala,CG,-2.5447,14.7533,71.74,65,99,5.35,overcast clouds
24,Bauchi,NG,10.5,10.0,69.17,98,100,6.58,light rain
25,Port Hawkesbury,CA,45.6169,-61.3485,62.58,93,1,1.01,clear sky
26,Katsuura,JP,35.1333,140.3,89.64,82,79,10.51,broken clouds
27,Yellowknife,CA,62.456,-114.3525,81.28,34,20,8.05,few clouds
28,Esperance,AU,-33.8667,121.9,55.9,62,99,17.49,overcast clouds
29,Busselton,AU,-33.65,115.3333,54.05,69,100,8.86,overcast clouds
30,Lebu,CL,-37.6167,-73.65,49.75,80,6,16.91,clear sky
31,Bronnoysund,NO,65.4625,12.1997,44.6,93,40,3.44,scattered clouds
32,Torbay,CA,47.6666,-52.7314,60.28,89,20,17.27,few clouds
33,Hermanus,ZA,-34.4187,19.2345,55.8,88,79,9.01,broken clouds
34,Saint-Philippe,RE,-21.3585,55.7679,64.22,74,36,7.92,scattered clouds
35,Mehamn,NO,71.0357,27.8492,45.12,93,100,14.7,light rain
36,Punta Arenas,CL,-53.15,-70.9167,41.11,75,40,25.32,scattered clouds
37,Pisco,PE,-13.7,-76.2167,61.02,89,1,2.89,clear sky
38,Boden,SE,65.8252,21.6886,48.2,93,6,3.78,clear sky
39,Kalanguy,RU,51.0167,116.5167,71.31,56,23,11.83,few clouds
40,Bluff,NZ,-46.6,168.3333,44.8,83,100,16.06,moderate rain
41,East London,ZA,-33.0153,27.9116,62.98,68,92,17.69,light rain
42,Clyde River,CA,70.4692,-68.5914,41.23,81,90,18.41,overcast clouds
43,Port Alfred,ZA,-33.5906,26.891,60.24,83,83,12.37,light rain
44,Vaini,TO,-21.2,-175.2,72.84,68,55,21.59,broken clouds
45,Hilo,US,19.7297,-155.09,77.25,86,80,3.0,broken clouds
46,Mandera,KE,3.9366,41.867,74.48,67,83,17.38,broken clouds
47,Autun,FR,46.95,4.3,54.46,98,29,2.33,scattered clouds
48,Barrow,US,71.2906,-156.7887,43.27,78,89,13.65,overcast clouds
49,Savyntsi,UA,49.4026,37.0627,72.48,60,30,1.97,scattered clouds
50,Rio Grande,BR,-32.035,-52.0986,47.95,94,0,6.06,clear sky
51,Chuy,UY,-33.6971,-53.4616,50.92,93,84,6.29,broken clouds
52,Virginia Beach,US,36.8529,-75.978,77.02,88,25,8.23,scattered clouds
53,Bathsheba,BB,13.2167,-59.5167,80.26,78,0,8.28,clear sky
54,Bilibino,RU,68.0546,166.4372,47.7,52,98,10.47,overcast clouds
55,Albany,US,42.6001,-73.9662,64.35,94,100,0.76,overcast clouds
56,Rauma,FI,61.1272,21.5113,59.04,85,78,9.69,broken clouds
57,Richards Bay,ZA,-28.783,32.0377,67.57,72,93,15.23,overcast clouds
58,Jamestown,US,42.097,-79.2353,57.72,94,4,3.0,clear sky
59,Baturaja,ID,-4.1333,104.1667,80.98,81,75,2.77,broken clouds
60,Ancud,CL,-41.8697,-73.8203,47.97,88,100,3.47,overcast clouds
61,Tasiilaq,GL,65.6145,-37.6368,41.5,77,100,3.62,overcast clouds
62,Karratha,AU,-20.7377,116.8463,72.48,30,0,19.62,clear sky
63,Castro,BR,-24.7911,-50.0119,44.91,95,13,3.22,few clouds
64,Cherskiy,RU,68.75,161.3,42.89,67,72,21.52,broken clouds
65,Dunedin,NZ,-45.8742,170.5036,50.81,75,100,14.0,overcast clouds
66,Airai,TL,-8.9266,125.4092,76.15,44,17,4.25,few clouds
67,Soloneshnoye,RU,51.6544,84.3197,76.12,46,40,2.91,scattered clouds
68,Isangel,VU,-19.55,169.2667,71.71,83,75,0.0,broken clouds
69,Rafraf,TN,37.1904,10.1837,75.51,77,5,13.73,clear sky
70,Sawtell,AU,-30.3833,153.1,65.19,68,90,8.05,light rain
71,Kruisfontein,ZA,-34.0033,24.7314,58.89,91,92,7.29,moderate rain
72,New Norfolk,AU,-42.7826,147.0587,54.9,48,67,5.23,broken clouds
73,Rikitea,PF,-23.1203,-134.9692,69.22,57,2,20.38,clear sky
74,Atuona,PF,-9.8,-139.0333,77.29,69,18,11.54,few clouds
75,Savonlinna,FI,61.8699,28.88,60.85,88,90,6.91,overcast clouds
76,Butaritari,KI,3.0707,172.7902,83.3,68,55,7.72,broken clouds
77,Zaykovo,RU,57.5613,62.7568,65.39,72,40,8.32,scattered clouds
78,Namtsy,RU,62.7161,129.6658,82.51,18,100,13.49,overcast clouds
79,Vieste,IT,41.8825,16.175,80.87,65,3,12.77,clear sky
80,Kaitangata,NZ,-46.2817,169.8464,54.93,73,100,2.06,overcast clouds
81,Presidencia Roque Saenz Pena,AR,-26.7852,-60.4388,51.39,58,0,4.79,clear sky
82,Penzance,GB,50.1186,-5.5371,57.76,79,31,7.94,scattered clouds
83,Barcelos,PT,41.5388,-8.6151,65.91,94,100,3.49,overcast clouds
84,Leningradskiy,RU,69.3833,178.4167,33.62,99,100,18.1,light rain
85,Cape Town,ZA,-33.9258,18.4232,57.88,86,26,1.99,scattered clouds
86,Apomu,NG,7.3333,4.1833,70.3,97,99,0.76,overcast clouds
87,Xichang,CN,27.8964,102.2634,76.19,60,0,2.46,clear sky
88,Winneba,GH,5.3511,-0.6231,73.6,94,14,6.44,few clouds
89,Batemans Bay,AU,-35.7167,150.1833,63.19,48,1,10.0,clear sky
90,Masuri,KR,35.8488,128.1492,82.15,77,100,3.18,overcast clouds
91,Coihaique,CL,-45.5752,-72.0662,49.95,76,98,12.66,light rain
92,Olafsvik,IS,64.8945,-23.7142,53.42,89,77,3.53,broken clouds
93,San Quintin,MX,30.4833,-115.95,69.98,77,10,10.56,clear sky
94,Souillac,MU,-20.5167,57.5167,68.14,75,2,12.28,clear sky
95,Yulara,AU,-25.2406,130.9889,60.64,33,0,12.66,clear sky
96,Valparaiso,CL,-33.0393,-71.6273,49.64,81,0,5.75,clear sky
97,Paka,MY,4.6374,103.4368,84.13,84,20,2.3,few clouds
98,Tiarei,PF,-17.5333,-149.3333,80.62,66,1,10.11,clear sky
99,Yar-Sale,RU,66.8333,70.8333,55.45,98,100,12.37,light rain
100,Goderich,CA,43.7501,-81.7165,66.9,78,30,11.9,scattered clouds
101,Votkinsk,RU,57.0486,53.9872,66.78,74,56,5.19,broken clouds
102,Avdon,RU,54.6667,55.7167,65.52,72,0,8.95,clear sky
103,Margate,GB,51.3813,1.3862,58.69,76,88,1.99,overcast clouds
104,Georgetown,MY,5.4112,100.3354,87.73,72,20,3.44,few clouds
105,Makakilo City,US,21.3469,-158.0858,80.69,62,0,22.48,clear sky
106,Buala,SB,-8.145,159.5921,79.7,84,100,7.61,light rain
107,Wuwei,CN,37.9281,102.6414,80.65,33,55,18.21,broken clouds
108,Thompson,CA,55.7435,-97.8558,75.36,46,75,12.66,smoke
109,Terenos,BR,-20.4422,-54.8603,63.45,45,95,6.73,overcast clouds
110,Loughrea,IE,53.1969,-8.5669,49.05,94,100,2.26,overcast clouds
111,Mahibadhoo,MV,3.7833,72.9667,82.51,72,100,9.48,light rain
112,Khatanga,RU,71.9667,102.5,70.74,48,89,5.46,overcast clouds
113,Teguise,ES,29.0605,-13.564,66.42,78,75,17.27,broken clouds
114,Dikson,RU,73.5069,80.5464,42.94,98,100,11.48,overcast clouds
115,Guerrero Negro,MX,27.9769,-114.0611,74.68,74,0,14.12,clear sky
116,Nikolskoye,RU,59.7035,30.7861,61.02,83,100,4.45,light rain
117,Mayo,US,38.8876,-76.5119,72.48,94,90,8.01,heavy intensity rain
118,Tapes,BR,-30.6733,-51.3958,50.22,88,0,6.24,clear sky
119,Liuzhou,CN,24.3126,109.3892,91.09,59,69,2.66,broken clouds
120,Itupiranga,BR,-5.1347,-49.3267,76.23,59,53,1.9,broken clouds
121,Talnakh,RU,69.4865,88.3972,65.62,63,84,5.59,broken clouds
122,Saint George,US,37.1041,-113.5841,93.63,27,12,4.0,few clouds
123,Saint-Joseph,RE,-21.3667,55.6167,63.21,71,26,8.39,scattered clouds
124,Sistranda,NO,63.7256,8.834,50.9,70,42,9.86,scattered clouds
125,Rocha,UY,-34.4833,-54.3333,44.1,96,0,3.29,clear sky
126,North Myrtle Beach,US,33.816,-78.68,77.11,94,40,0.0,moderate rain
127,Zhigansk,RU,66.7697,123.3711,77.72,42,2,14.38,clear sky
128,Balikpapan,ID,-1.2675,116.8289,81.59,89,20,5.75,few clouds
129,Progreso,MX,21.2833,-89.6667,81.73,80,93,12.86,overcast clouds
130,Rovaniemi,FI,66.5,25.7167,49.41,93,90,8.05,overcast clouds
131,Ngunguru,NZ,-35.6167,174.5,65.16,60,44,8.99,scattered clouds
132,Narsaq,GL,60.9167,-46.05,55.62,92,100,7.54,light rain
133,Fereydun Kenar,IR,36.6864,52.5225,79.38,80,71,7.4,broken clouds
134,Vila Velha,BR,-20.3297,-40.2925,60.75,88,40,4.61,scattered clouds
135,Yatou,CN,37.15,122.3833,83.59,62,1,0.29,light rain
136,Kodiak,US,57.79,-152.4072,56.66,94,97,4.97,overcast clouds
137,Lavrentiya,RU,65.5833,-171.0,41.45,87,100,18.34,light rain
138,Te Anau,NZ,-45.4167,167.7167,47.89,86,100,1.21,light rain
139,Houma,US,29.5958,-90.7195,84.2,83,1,5.75,clear sky
140,Shitkino,RU,56.3703,98.3543,63.75,79,100,4.32,overcast clouds
141,Chapais,CA,49.7834,-74.8492,51.8,79,100,4.88,overcast clouds
142,Yerbogachen,RU,61.2767,108.0108,72.03,44,100,9.8,overcast clouds
143,Marzuq,YE,14.4,46.4667,77.83,68,32,4.85,scattered clouds
144,Madona,LV,56.8533,26.217,57.47,99,100,1.9,moderate rain
145,Taoudenni,ML,22.6783,-3.9836,96.46,27,77,15.08,broken clouds
146,Vostok,RU,46.4856,135.8833,84.02,46,68,4.25,broken clouds
147,Kavieng,PG,-2.5744,150.7967,82.67,78,10,10.69,light rain
148,Kapoeta,SS,4.7717,33.5903,76.84,54,99,2.93,overcast clouds
149,Norman Wells,CA,65.282,-126.8329,87.84,25,1,4.61,smoke
150,Hasaki,JP,35.7333,140.8333,88.29,81,32,11.1,scattered clouds
151,Santa Cruz De La Palma,ES,28.6835,-17.7642,72.14,73,75,14.97,broken clouds
152,Zhanaozen,KZ,43.3,52.8,87.39,11,0,5.28,clear sky
153,Ilulissat,GL,69.2167,-51.1,57.22,41,0,25.32,clear sky
154,Hobart,AU,-42.8794,147.3294,55.26,58,75,4.0,light rain
155,Puerto Ayacucho,VE,5.6639,-67.6236,73.02,93,79,4.85,broken clouds
156,Krasnyy Yar,RU,46.5331,48.3456,69.73,44,10,3.18,clear sky
157,Pacific Grove,US,36.6177,-121.9166,71.46,79,34,4.0,scattered clouds
158,Broken Hill,AU,-31.95,141.4333,60.51,44,0,17.27,clear sky
159,Abonnema,NG,4.7084,6.7931,74.28,89,69,4.25,broken clouds
160,Hovd,MN,48.0056,91.6419,63.79,44,7,2.57,clear sky
161,Ugoofaaru,MV,5.6667,73.0,82.72,74,94,11.1,overcast clouds
162,Gushikawa,JP,26.3544,127.8686,87.39,74,75,13.8,broken clouds
163,Sarkand,KZ,45.41,79.9186,83.37,16,0,6.31,clear sky
164,Bethel,US,41.3712,-73.414,68.81,92,76,2.93,broken clouds
165,Longyearbyen,SJ,78.2186,15.6401,46.24,71,40,12.66,scattered clouds
166,Tuy Hoa,VN,13.0833,109.3,93.15,49,98,16.67,overcast clouds
167,Sabha,LY,27.0377,14.4283,83.59,13,1,9.51,clear sky
168,Saskylakh,RU,71.9167,114.0833,80.51,34,7,8.88,clear sky
169,Miri,MY,4.4148,114.0089,75.34,94,40,6.91,scattered clouds
170,Sorong,ID,-0.8833,131.25,87.26,65,67,9.6,broken clouds
171,Arbuzynka,UA,47.9097,31.3196,69.12,87,14,7.23,few clouds
172,Carnarvon,AU,-24.8667,113.6333,60.87,43,0,19.57,clear sky
173,Abapo,BO,-18.8333,-63.4667,56.1,38,97,2.51,overcast clouds
174,Cayenne,GF,4.9333,-52.3333,74.08,89,75,9.22,mist
175,Providencia,MX,28.7167,-111.5833,95.85,71,1,1.99,clear sky
176,Hay River,CA,60.8156,-115.7999,71.37,48,0,8.21,clear sky
177,Jian,CN,27.1172,114.9793,94.05,54,0,7.99,light rain
178,Ashqelon,IL,31.6693,34.5715,84.4,69,0,3.74,clear sky
179,Barreirinhas,BR,-2.7469,-42.8264,73.49,91,34,1.41,scattered clouds
180,Belmonte,BR,-15.8631,-38.8828,64.9,72,100,13.53,overcast clouds
181,Tuktoyaktuk,CA,69.4541,-133.0374,48.69,92,100,6.96,overcast clouds
182,Alta Floresta,BR,-9.8756,-56.0861,73.35,45,12,4.41,few clouds
183,Aripuana,BR,-9.1667,-60.6333,72.01,47,79,2.95,broken clouds
184,Garoua,CM,9.3,13.4,74.03,89,100,7.07,overcast clouds
185,Black River,JM,18.0264,-77.8487,77.99,80,97,4.18,overcast clouds
186,Faya,SA,18.3851,42.4509,63.43,67,69,4.85,broken clouds
187,Iqaluit,CA,63.7506,-68.5145,47.93,93,90,0.0,light rain
188,Altamira,BR,-3.2033,-52.2064,71.51,82,16,2.91,few clouds
189,Alugan,PH,12.2188,125.4808,91.15,56,100,7.94,overcast clouds
190,Hofn,IS,64.2539,-15.2082,53.42,91,99,3.24,overcast clouds
191,Faanui,PF,-16.4833,-151.75,77.88,70,24,14.99,few clouds
192,Bekovo,RU,52.4663,43.712,71.89,65,18,5.57,few clouds
193,Anadyr,RU,64.75,177.4833,54.1,66,40,11.18,scattered clouds
194,Vardo,NO,70.3705,31.1107,48.4,94,100,17.27,overcast clouds
195,Ahipara,NZ,-35.1667,173.1667,57.96,66,9,10.89,clear sky
196,Pitimbu,BR,-7.4706,-34.8086,73.0,84,31,16.44,scattered clouds
197,Turukhansk,RU,65.8167,87.9833,69.8,53,100,8.23,overcast clouds
198,Vao,NC,-22.6667,167.4833,67.33,59,5,13.02,clear sky
199,Svoronos,GR,40.2644,22.46,82.11,41,0,2.24,clear sky
200,Mahebourg,MU,-20.4081,57.7,69.33,70,3,13.58,clear sky
201,Bambanglipuro,ID,-7.95,110.2833,82.09,68,56,13.94,broken clouds
202,Challapata,BO,-18.9,-66.7667,41.25,73,51,5.14,broken clouds
203,Abatskoye,RU,56.2875,70.4555,67.77,81,0,10.67,clear sky
204,Hithadhoo,MV,-0.6,73.0833,81.27,73,83,6.87,broken clouds
205,Qaanaaq,GL,77.484,-69.3632,40.62,86,77,2.73,broken clouds
206,Salalah,OM,17.0151,54.0924,74.59,94,100,3.36,overcast clouds
207,Tiksi,RU,71.6872,128.8694,53.8,60,16,6.4,few clouds
208,Buraydah,SA,26.326,43.975,82.85,9,5,2.39,clear sky
209,Beloha,MG,-25.1667,45.05,61.7,64,0,6.6,clear sky
210,Stokmarknes,NO,68.5646,14.9108,50.49,85,100,9.73,overcast clouds
211,Sydney,AU,-33.8679,151.2073,65.62,56,75,1.99,broken clouds
212,Ewa Beach,US,21.3156,-158.0072,82.09,62,0,24.63,clear sky
213,Touros,BR,-5.1989,-35.4608,73.27,77,9,15.37,clear sky
214,Cabo San Lucas,MX,22.8909,-109.9124,88.81,70,19,5.01,few clouds
215,Eureka,US,40.8021,-124.1637,63.18,83,24,1.99,few clouds
216,Tautira,PF,-17.7333,-149.15,80.62,65,3,9.84,clear sky
217,North Battleford,CA,52.7834,-108.2847,83.17,28,100,9.04,overcast clouds
218,Necochea,AR,-38.5473,-58.7368,39.04,66,0,9.31,clear sky
219,Oshawa,CA,43.9001,-78.8496,63.79,81,69,1.01,broken clouds
220,Strezhevoy,RU,60.7333,77.5889,58.98,66,99,9.55,overcast clouds
221,Juneau,US,58.3019,-134.4197,73.09,100,72,1.16,broken clouds
222,Bonthe,SL,7.5264,-12.505,75.97,87,82,9.15,light rain
223,Bambous Virieux,MU,-20.3428,57.7575,69.33,69,4,13.33,clear sky
224,Trat,TH,12.5,102.5,86.97,83,100,8.86,overcast clouds
225,Khanpur,PK,28.6453,70.6567,89.98,55,100,15.57,overcast clouds
226,Rawson,AR,-43.3002,-65.1023,55.0,38,22,7.18,few clouds
227,Vestmannaeyjar,IS,63.4427,-20.2734,53.53,89,87,6.22,overcast clouds
228,Odweyne,SO,9.4092,45.064,68.67,66,20,19.82,few clouds
229,Broome,US,42.2506,-75.833,60.85,97,90,1.99,mist
230,Dzhebariki-Khaya,RU,62.2167,135.8,83.19,27,1,3.38,clear sky
231,Terney,RU,45.0503,136.6092,66.9,95,100,9.42,overcast clouds
232,Geraldton,AU,-28.7667,114.6,60.13,72,81,12.66,broken clouds
233,Kabompo,ZM,-13.5927,24.2008,50.77,71,1,5.1,clear sky
234,Ewo,CG,-0.8725,14.8206,76.71,66,100,4.83,overcast clouds
235,French Harbor,HN,16.35,-86.4333,82.99,89,46,20.15,scattered clouds
236,Upala,CR,10.8979,-85.0145,75.11,94,100,3.8,overcast clouds
237,Aleysk,RU,52.4926,82.7822,74.08,45,88,6.44,overcast clouds
238,Ribeira Grande,PT,38.5167,-28.7,72.72,95,21,12.33,few clouds
239,Pozo Colorado,PY,-23.4923,-58.7972,57.24,67,93,4.83,overcast clouds
240,Bingol,TR,38.8847,40.4939,68.04,56,4,7.65,clear sky
241,Cidreira,BR,-30.1811,-50.2056,54.45,94,3,3.36,clear sky
242,Miquelon,PM,47.0975,-56.3814,59.29,88,67,14.34,broken clouds
243,Lincoln,US,40.8,-96.667,70.39,69,0,6.29,clear sky
244,Porto Novo,BJ,6.4965,2.6036,74.48,90,49,6.55,scattered clouds
245,Mnogovershinnyy,RU,53.9353,139.9242,64.38,59,100,4.68,overcast clouds
246,Wanlaweyn,SO,2.6185,44.8938,71.1,89,85,10.89,overcast clouds
247,Lichinga,MZ,-13.3128,35.2406,53.53,74,35,4.59,scattered clouds
248,Sechura,PE,-5.5569,-80.8222,65.98,76,0,11.79,clear sky
249,Saldanha,ZA,-33.0117,17.9442,46.45,87,30,7.9,scattered clouds
250,Gamba,GA,-2.65,10.0,71.91,88,56,3.67,broken clouds
251,Grindavik,IS,63.8424,-22.4338,52.56,100,75,6.91,broken clouds
252,Kahului,US,20.8947,-156.47,80.96,79,4,14.88,clear sky
253,Sugag,RO,45.7667,23.6333,62.15,56,0,7.2,clear sky
254,Calbuco,CL,-41.768,-73.1273,47.34,80,55,4.63,broken clouds
255,Taree,AU,-31.9,152.4667,68.11,55,83,3.76,broken clouds
256,Vigrestad,NO,58.5667,5.7,53.28,75,52,25.59,broken clouds
257,Hangal,IN,14.7667,75.1333,73.29,83,91,14.58,overcast clouds
258,Mazagao,BR,-0.115,-51.2894,72.57,93,48,2.33,scattered clouds
259,Burnie,AU,-41.0667,145.9167,52.07,81,88,9.1,overcast clouds
260,San Pedro De Uraba,CO,8.2752,-76.3764,75.56,92,100,7.7,overcast clouds
261,Turkmenabat,TM,39.0733,63.5786,87.55,10,0,12.8,clear sky
262,Lagoa,PT,39.05,-27.9833,71.78,95,100,13.31,overcast clouds
263,Arraial Do Cabo,BR,-22.9661,-42.0278,66.09,72,28,13.89,scattered clouds
264,Athabasca,CA,54.7169,-113.2854,82.96,32,100,7.58,overcast clouds
265,Bengkulu,ID,-3.8004,102.2655,79.95,82,71,9.53,broken clouds
266,Mollendo,PE,-17.0231,-72.0147,59.74,87,59,7.4,broken clouds
267,Corowa,AU,-36.0333,146.3833,58.37,60,0,9.51,clear sky
268,Codrington,AU,-38.2667,141.9667,57.2,66,17,20.47,few clouds
269,Emilio Carranza,MX,19.9711,-96.6114,79.34,84,33,6.24,scattered clouds
270,Portland,US,45.5234,-122.6762,87.58,54,45,3.0,scattered clouds
271,Ponta Do Sol,PT,32.6667,-17.1,72.23,77,2,4.52,clear sky
272,Altay,CN,47.8667,88.1167,73.6,31,1,4.88,clear sky
273,Almaznyy,RU,48.0448,40.045,66.34,50,65,5.68,broken clouds
274,Ercis,TR,39.0287,43.3586,62.2,61,10,5.37,clear sky
275,Chokurdakh,RU,70.6333,147.9167,49.35,50,38,7.14,scattered clouds
276,Krupanj,RS,44.3656,19.3619,78.84,82,2,3.24,clear sky
277,Mar Del Plata,AR,-38.0023,-57.5575,42.1,1,0,5.01,clear sky
278,Lompoc,US,34.6391,-120.4579,73.38,73,2,8.99,clear sky
279,Nalut,LY,30.3333,10.85,84.78,15,6,8.3,clear sky
280,Ribnica,SI,45.7386,14.7275,63.28,99,49,1.21,scattered clouds
281,Tubuala,PA,9.5167,-79.0333,81.34,84,100,4.21,overcast clouds
282,Boguchany,RU,58.3814,97.4531,58.48,95,100,2.26,overcast clouds
283,Luba,GQ,3.4568,8.5547,76.26,85,52,5.53,light rain
284,Ville-Marie,CA,47.3335,-79.433,50.4,84,60,4.12,broken clouds
285,Nuuk,GL,64.1835,-51.7216,50.43,78,100,6.17,overcast clouds
286,Ponta Delgada,PT,37.7333,-25.6667,72.32,94,75,10.36,light intensity drizzle
287,Kiruna,SE,67.8557,20.2251,40.12,81,90,1.14,overcast clouds
288,Granja,BR,-3.1203,-40.8261,73.85,59,42,4.68,scattered clouds
289,Luau,AO,-10.7073,22.2247,58.05,48,48,4.16,scattered clouds
290,Porto Santo,PT,33.072,-16.3415,71.51,83,40,13.8,scattered clouds
291,Achacachi,BO,-16.05,-68.6833,36.77,86,81,6.24,broken clouds
292,Kenai,US,60.5544,-151.2583,75.02,71,1,6.02,clear sky
293,Hambantota,LK,6.1241,81.1185,82.74,83,20,13.8,few clouds
294,Zaysan,KZ,47.4667,84.8667,80.51,24,0,5.86,clear sky
295,Visnes,NO,59.3556,5.2242,54.57,76,40,23.02,scattered clouds
296,Smithers,CA,54.7804,-127.1743,83.5,48,3,3.15,clear sky
297,Sitka,US,57.0531,-135.33,61.29,82,73,4.61,broken clouds
298,Severo-Kurilsk,RU,50.6789,156.125,57.97,67,29,13.8,scattered clouds
299,Lunino,RU,53.5918,45.2271,69.91,71,5,4.03,clear sky
300,Boende,CD,-0.2167,20.8667,70.72,80,100,2.66,overcast clouds
301,Camabatela,AO,-8.1881,15.375,57.04,93,43,3.8,scattered clouds
302,Calvinia,ZA,-31.4707,19.776,48.34,30,5,3.44,clear sky
303,Sai Buri,TH,6.7013,101.6168,86.92,61,59,9.22,broken clouds
304,Saint Anthony,US,45.0205,-93.218,70.66,62,1,0.0,clear sky
305,Nioro,GM,13.35,-15.75,74.8,95,80,7.09,broken clouds
306,Mednogorsk,RU,51.4128,57.595,76.5,51,46,0.81,scattered clouds
307,Puri,IN,19.8,85.85,84.38,70,71,9.42,broken clouds
308,Bakchar,RU,57.0186,82.0711,64.62,63,99,3.09,overcast clouds
309,Bonavista,CA,48.6499,-53.1147,61.12,81,1,18.81,clear sky
310,Naini Tal,IN,29.3974,79.4469,64.53,83,59,2.21,broken clouds
311,Seoul,KR,37.5683,126.9778,83.59,87,100,3.33,light rain
312,Pevek,RU,69.7008,170.3133,35.6,88,100,16.06,overcast clouds
313,Brae,GB,60.3964,-1.353,49.91,79,100,11.56,overcast clouds
314,Saint-Pierre,RE,-21.3393,55.4781,64.29,63,25,6.91,scattered clouds
315,Moscow,RU,55.7522,37.6156,66.72,85,100,3.8,overcast clouds
316,Dharmapuri,IN,12.1333,78.1667,79.41,60,99,9.35,overcast clouds
317,Port Blair,IN,11.6667,92.75,83.26,80,100,19.91,overcast clouds
318,Tambura,SS,5.6,27.4667,67.39,98,100,2.93,light rain
319,Senador Pompeu,BR,-5.5881,-39.3717,73.22,61,57,8.9,broken clouds
320,Makungu,TZ,-8.7333,35.2833,51.98,93,10,2.19,clear sky
321,Ridgecrest,US,35.6225,-117.6709,98.46,12,1,8.01,clear sky
322,Ibra,OM,22.6906,58.5334,86.23,50,99,4.12,overcast clouds
323,Meulaboh,ID,4.1363,96.1285,81.07,72,93,0.98,overcast clouds
324,Kontagora,NG,10.3999,5.4695,70.56,96,80,2.3,light rain
325,Sangar,RU,63.9242,127.4739,79.02,27,91,7.2,overcast clouds
326,Amapa,BR,1.0,-52.0,70.66,99,79,1.99,broken clouds
327,Kadhan,PK,24.481,68.9859,85.14,69,87,20.13,overcast clouds
328,Lorengau,PG,-2.0226,147.2712,85.41,71,42,9.66,scattered clouds
329,Thinadhoo,MV,0.5333,72.9333,80.83,74,92,4.61,light rain
330,Marolambo,MG,-20.05,48.1167,54.01,98,19,2.53,few clouds
331,Opuwo,NA,-18.0607,13.84,55.45,38,0,6.02,clear sky
332,Jashpurnagar,IN,22.9,84.15,75.07,82,87,9.89,overcast clouds
333,Atambua,ID,-9.1061,124.8925,85.15,50,8,3.49,clear sky
334,Isiro,CD,2.7739,27.616,65.07,99,100,1.57,overcast clouds
335,Port Lincoln,AU,-34.7333,135.8667,53.55,73,100,16.51,overcast clouds
336,Ronne,DK,55.1009,14.7066,60.71,77,40,13.8,scattered clouds
337,Sao Filipe,CV,14.8961,-24.4956,75.24,76,19,0.72,few clouds
338,Upernavik,GL,72.7868,-56.1549,41.54,82,3,10.49,clear sky
339,Laguna,US,38.421,-121.4238,94.82,39,1,5.99,clear sky
340,Gimli,CA,50.6336,-96.9907,68.05,50,0,2.33,clear sky
341,Luanda,AO,-8.8368,13.2343,72.3,86,100,3.6,overcast clouds
342,Nemuro,JP,43.3236,145.575,67.19,98,99,1.86,overcast clouds
343,Beringovskiy,RU,63.05,179.3167,45.34,75,99,23.06,overcast clouds
344,Komsomolskiy,UZ,40.4272,71.7189,80.02,41,10,0.0,clear sky
345,Lashio,MM,22.9333,97.75,69.66,99,100,1.81,overcast clouds
346,Najran,SA,17.4924,44.1277,78.26,49,78,14.23,broken clouds
347,Alofi,NU,-19.0595,-169.9187,76.35,65,18,24.76,few clouds
348,General Roca,AR,-39.0333,-67.5833,37.8,47,41,7.09,scattered clouds
349,Repedea,RO,47.8333,24.4,63.43,88,6,3.33,clear sky
350,Srednekolymsk,RU,67.45,153.6833,45.68,52,100,8.63,overcast clouds
351,Reo,BF,12.3167,-2.4667,77.54,73,98,10.22,overcast clouds
352,Price,US,39.5994,-110.8107,74.46,49,1,9.22,clear sky
353,Linguere,SN,15.3953,-15.1193,80.31,77,100,4.7,overcast clouds
354,Nanortalik,GL,60.1432,-45.2371,45.28,93,100,6.85,moderate rain
355,Onega,RU,63.9061,38.1404,57.87,94,100,6.78,overcast clouds
356,Teya,RU,60.3778,92.6267,68.14,57,73,4.18,broken clouds
357,Sao Desiderio,BR,-12.3633,-44.9733,64.76,52,91,5.88,overcast clouds
358,Melo,UY,-32.3667,-54.1833,44.24,92,0,4.99,clear sky
359,Khon Kaen,TH,16.5,102.0833,78.42,83,100,6.02,overcast clouds
360,Harrison,US,30.4091,-89.0436,78.87,90,1,4.61,clear sky
361,Cibitung,ID,-7.119,107.1309,79.7,67,35,2.3,scattered clouds
362,Balancan,MX,17.8,-91.5333,80.96,71,68,7.2,broken clouds
363,Imeni Babushkina,RU,59.7573,43.1285,59.29,98,98,4.9,overcast clouds
364,Buriti Dos Lopes,BR,-3.175,-41.8669,71.37,95,71,1.21,broken clouds
365,Manta,EC,-0.95,-80.7333,71.44,86,27,13.38,scattered clouds
366,Makrakomi,GR,38.9333,22.1167,89.71,27,0,3.83,clear sky
367,Southbridge,US,42.0751,-72.0334,66.2,89,64,3.91,broken clouds
368,Ust-Nera,RU,64.5667,143.2,61.92,38,2,4.79,clear sky
369,Shangzhi,CN,45.2167,127.9667,77.58,90,100,4.29,overcast clouds
370,Severo-Yeniseyskiy,RU,60.3725,93.0408,66.58,50,70,4.79,broken clouds
371,Blagoyevo,RU,63.3667,47.9167,57.88,95,99,4.63,moderate rain
372,Mandalgovi,MN,45.7625,106.2708,71.01,30,88,16.26,overcast clouds
373,Davlekanovo,RU,54.2215,55.0343,66.22,48,100,2.95,overcast clouds
374,Bandarbeyla,SO,9.4942,50.8122,81.03,65,18,29.33,few clouds
375,Moose Factory,CA,51.2585,-80.6094,51.35,80,99,3.04,overcast clouds
376,Fortuna,US,40.5982,-124.1573,62.91,83,1,1.99,clear sky
377,Haag,NL,52.0767,4.2986,58.95,85,7,1.01,clear sky
378,Kikwit,CD,-5.041,18.8162,71.29,29,100,1.9,overcast clouds
379,Bako,ET,5.7833,36.5667,63.32,63,92,6.6,overcast clouds
380,Port Hedland,AU,-20.3167,118.5667,73.45,25,0,20.71,clear sky
381,Kotlas,RU,61.2611,46.6556,60.44,98,84,7.16,broken clouds
382,Budingen,DE,50.3,9.1167,58.26,96,35,1.52,scattered clouds
383,Erenhot,CN,43.6475,111.9767,72.61,37,99,11.18,overcast clouds
384,Tuatapere,NZ,-46.1333,167.6833,44.82,93,100,4.43,light rain
385,Orange,US,33.7,-117.7675,91.72,59,1,1.99,clear sky
386,San Patricio,US,28.017,-97.5169,86.09,71,2,14.79,clear sky
387,Aklavik,CA,68.2191,-135.0107,70.86,55,100,9.64,overcast clouds
388,Manbij,SY,36.5281,37.9549,81.37,38,1,11.88,clear sky
389,Vanimo,PG,-2.6741,141.3028,85.59,66,42,4.97,scattered clouds
390,Shimoda,JP,34.6667,138.95,86.11,71,81,10.25,broken clouds
391,Constitucion,CL,-35.3333,-72.4167,53.28,60,0,4.85,clear sky
392,Zambezi,ZM,-13.5432,23.1047,51.31,64,12,5.48,few clouds
393,Elliot Lake,CA,46.3834,-82.6331,55.38,77,83,5.12,broken clouds
394,Ahtopol,BG,42.1,27.95,70.27,55,0,4.52,clear sky
395,Talcahuano,CL,-36.7167,-73.1167,47.88,93,0,8.05,clear sky
396,Jefferson City,US,38.5767,-92.1735,75.13,91,0,6.33,clear sky
397,Klaksvik,FO,62.2266,-6.589,47.32,80,97,3.98,overcast clouds
398,Camacha,PT,33.0833,-16.3333,68.76,83,40,13.8,scattered clouds
399,Victoria,HK,22.2855,114.1577,89.96,86,100,1.99,light rain
400,Riyadh,SA,24.6877,46.7219,86.14,12,4,7.63,clear sky
401,Ginir,ET,7.1333,40.7,58.35,71,94,11.48,overcast clouds
402,Estelle,US,29.8458,-90.1067,84.2,77,40,0.0,scattered clouds
403,Sao Gabriel Da Cachoeira,BR,-0.1303,-67.0892,72.01,76,100,1.74,overcast clouds
404,Quixada,BR,-4.9714,-39.0153,70.45,67,37,3.78,scattered clouds
405,San Francisco,US,37.7749,-122.4194,72.12,76,20,1.99,few clouds
406,Whitehorse,CA,60.7161,-135.0538,86.02,20,7,8.01,clear sky
407,Tadine,NC,-21.55,167.8833,70.29,58,48,15.03,scattered clouds
408,Coffs Harbour,AU,-30.3,153.1333,65.14,75,90,8.05,overcast clouds
409,Roald,NO,62.5833,6.1333,53.01,87,40,4.61,scattered clouds
410,Soure,BR,-0.7167,-48.5233,78.17,80,64,8.46,broken clouds
411,Hobyo,SO,5.3505,48.5268,76.26,78,6,19.84,clear sky
412,Rajanpur,PK,29.1035,70.325,92.32,50,49,16.73,scattered clouds
413,Mount Isa,AU,-20.7333,139.5,91.17,24,1,11.5,clear sky
414,Pafos,CY,34.7667,32.4167,78.58,31,0,6.91,clear sky
415,Brewster,US,41.3973,-73.6171,69.06,95,86,2.44,overcast clouds
416,Gizo,SB,-8.103,156.8419,81.12,79,35,11.99,light rain
417,Patu,BR,-6.11,-37.6367,72.16,64,23,16.4,few clouds
418,Loikaw,MM,19.6742,97.2094,70.84,92,100,1.79,overcast clouds
419,Lakatoro,VU,-16.0999,167.4164,74.57,60,60,10.58,broken clouds
420,Parauna,BR,-16.9478,-50.4486,66.63,53,0,6.26,clear sky
421,Aksu,CN,41.1231,80.2644,83.66,11,97,6.46,overcast clouds
422,Phonhong,LA,18.5007,102.4166,87.62,93,100,1.68,overcast clouds
423,Leninskoye,KZ,41.7589,69.3864,84.13,19,85,2.26,overcast clouds
424,Asau,RO,46.4333,26.4,72.39,80,31,5.99,light rain
425,Tabat,ID,-2.635,115.2274,90.93,51,74,0.4,broken clouds
426,Pak Phanang,TH,8.3511,100.202,90.03,56,83,10.71,broken clouds
427,Nouadhibou,MR,20.931,-17.0347,69.37,86,8,15.99,clear sky
428,Itarema,BR,-2.9248,-39.9167,74.82,67,25,8.03,scattered clouds
429,Zhicheng,CN,30.2956,111.5047,90.93,63,68,4.36,light rain
430,Havoysund,NO,70.9963,24.6622,45.48,88,97,15.21,overcast clouds
431,Port-Cartier,CA,50.0334,-66.8654,58.75,84,75,5.53,broken clouds
432,Sorumsand,NO,59.9851,11.2398,55.11,66,100,7.76,overcast clouds
433,Bacungan,PH,9.9106,118.7022,87.82,64,59,11.61,broken clouds
434,Dingle,PH,10.9995,122.6711,88.81,63,98,16.82,overcast clouds
435,Dzhubga,RU,44.3211,38.7039,75.18,85,6,5.19,clear sky
436,Mezen,RU,65.8522,44.24,52.47,73,100,5.68,overcast clouds
437,Coquimbo,CL,-29.9533,-71.3436,58.53,70,0,3.09,clear sky
438,Daru,PG,-9.0763,143.2092,80.15,66,6,13.47,clear sky
439,Hun,LY,29.1268,15.9477,79.39,29,0,3.58,clear sky
440,Xining,CN,36.6167,101.7667,75.16,42,60,6.42,broken clouds
441,Sinnamary,GF,5.3833,-52.95,77.4,86,9,8.01,clear sky
442,Sao Joao Da Barra,BR,-21.6403,-41.0511,65.61,71,66,6.8,broken clouds
443,Avera,US,33.194,-82.5271,84.7,77,19,5.82,few clouds
444,Cintalapa,MX,16.6951,-93.7272,71.22,98,100,2.91,overcast clouds
445,Busembatia,UG,0.7697,33.6131,65.73,80,100,4.45,overcast clouds
446,Jalu,LY,29.0331,21.5482,82.36,38,1,6.71,clear sky
447,Balkanabat,TM,39.5108,54.3671,88.5,13,7,5.61,clear sky
448,Naranjal,EC,-2.6667,-79.6167,73.78,83,7,3.13,clear sky
449,Vetluzhskiy,RU,58.3902,45.4654,62.64,91,100,5.79,overcast clouds
450,Bogatyye Saby,RU,56.0102,50.4483,65.98,70,80,5.21,broken clouds
451,San Ramon,US,37.7799,-121.978,72.48,66,1,1.01,clear sky
452,Mount Gambier,AU,-37.8333,140.7667,58.91,58,0,21.85,clear sky
453,Sanmenxia,CN,34.7747,111.1814,86.52,60,45,13.33,scattered clouds
454,Klyuchi,RU,52.2667,79.1667,77.77,44,16,7.96,few clouds
455,Carutapera,BR,-1.195,-46.02,72.54,89,54,2.17,broken clouds
456,Shar,KZ,49.5886,81.0453,82.94,23,20,8.63,few clouds
457,Big Spring,US,32.2504,-101.4787,77.23,79,1,1.01,clear sky
458,Noumea,NC,-22.2763,166.4572,73.38,56,3,8.9,clear sky
459,Tomatlan,MX,19.9333,-105.25,77.67,85,76,1.92,broken clouds
460,Bonnyville,CA,54.2668,-110.735,83.88,30,100,6.58,overcast clouds
461,Marawi,PH,7.9986,124.2928,83.79,55,76,4.94,broken clouds
462,Fairbanks,US,64.8378,-147.7164,77.09,60,20,3.44,few clouds
463,Collie,AU,-33.3667,116.15,50.99,55,76,6.38,broken clouds
464,Barkot,IN,30.8167,78.2,77.18,79,72,1.16,broken clouds
465,Belyy Yar,RU,53.6039,91.3903,69.69,64,0,4.47,clear sky
466,Gornopravdinsk,RU,60.05,69.9,63.54,93,92,4.12,light rain
467,Chaozhou,CN,23.6651,116.6379,95.0,54,67,1.97,light rain
468,Saquarema,BR,-22.92,-42.5103,59.95,83,10,8.77,clear sky
469,Enterprise,US,36.0252,-115.2419,96.1,30,1,8.05,clear sky
470,Port Moresby,PG,-9.4431,147.1797,80.83,64,13,12.53,few clouds
471,Alyangula,AU,-13.8483,136.4192,80.65,65,1,10.96,clear sky
472,Kula,TR,38.5473,28.6498,67.87,43,0,3.51,clear sky
473,Bar-Le-Duc,FR,48.75,5.1667,57.58,91,99,5.21,overcast clouds
474,Grong,NO,64.4654,12.3149,41.32,95,12,3.29,few clouds
475,Vila Franca Do Campo,PT,37.7167,-25.4333,72.01,90,59,10.18,broken clouds
476,Salina Cruz,MX,16.1667,-95.2,81.61,74,100,11.68,overcast clouds
477,Dongsheng,CN,39.8161,109.9776,73.45,29,19,8.03,few clouds
478,La Merced,CO,5.4019,-75.8847,62.46,98,99,2.1,overcast clouds
479,Tucuman,AR,-26.8241,-65.2226,46.4,66,0,3.44,clear sky
480,Afyonkarahisar,TR,38.75,30.6667,60.93,47,0,4.45,clear sky
481,Port Hardy,CA,50.6996,-127.4199,60.98,82,75,10.36,broken clouds
482,Namestovo,SK,49.4079,19.4803,58.98,97,100,3.91,overcast clouds
483,Amot,NO,59.5714,7.9877,48.76,88,91,1.5,overcast clouds
484,Argayash,RU,55.4888,60.8767,69.49,69,100,8.93,overcast clouds
485,Tromso,NO,69.6496,18.957,47.05,87,90,3.0,light rain
486,Gorontalo,ID,0.5412,123.0595,88.38,61,24,6.29,few clouds
487,Sendafa,ET,9.15,39.0333,52.95,92,92,3.15,overcast clouds
488,Padang,ID,-0.9492,100.3543,84.25,77,100,3.74,light rain
489,Westport,US,41.1415,-73.3579,70.09,85,72,4.0,broken clouds
490,Haifa,IL,32.8156,34.9892,70.21,76,0,4.83,clear sky
491,Puerto Escondido,MX,15.85,-97.0667,83.23,69,75,4.61,broken clouds
492,Pandan,PH,14.0453,124.1694,88.27,65,100,13.0,overcast clouds
493,Malaryta,BY,51.7905,24.074,63.63,95,97,15.79,overcast clouds
494,Labuhan,ID,-6.8844,112.2051,86.41,56,70,2.84,broken clouds
495,Tilichiki,RU,60.4667,166.1,52.54,74,99,3.56,light rain
496,Wilmington,US,34.2257,-77.9447,76.91,95,1,8.05,clear sky
497,Sandakan,MY,5.8402,118.1179,88.16,54,80,5.14,broken clouds
498,Miles City,US,46.4083,-105.8406,83.37,20,1,9.22,clear sky
499,Brooks,CA,50.5834,-111.8851,86.04,31,100,9.89,overcast clouds
500,Lerwick,GB,60.1545,-1.1494,50.0,79,100,11.88,overcast clouds
501,Rondonopolis,BR,-16.4708,-54.6356,70.21,34,0,3.02,clear sky
502,Pringsewu,ID,-5.3582,104.9744,84.58,66,38,3.2,scattered clouds
503,Rudbar,AF,30.15,62.6,85.96,15,0,21.14,clear sky
504,Srivardhan,IN,18.0333,73.0167,80.8,82,99,16.37,overcast clouds
505,Santa Marta,CO,11.2408,-74.199,86.99,71,40,7.0,scattered clouds
506,Banjar,ID,-8.19,114.9675,80.46,61,91,0.67,overcast clouds
507,Matadi,CD,-5.8167,13.45,70.59,87,53,2.91,broken clouds
508,Gondanglegi,ID,-7.7479,112.0132,85.71,59,14,12.91,few clouds
509,Luderitz,NA,-26.6481,15.1594,62.17,37,0,6.29,clear sky
510,North Platte,US,41.1239,-100.7654,73.02,63,1,1.99,clear sky
511,Sandnessjoen,NO,66.0217,12.6316,46.58,72,96,9.35,overcast clouds
512,Coahuayana,MX,18.7333,-103.6833,85.48,86,63,1.54,broken clouds
513,Marsa Matruh,EG,31.3525,27.2453,78.93,86,0,12.19,clear sky
514,Kulhudhuffushi,MV,6.6221,73.07,83.05,73,99,13.22,overcast clouds
515,Naron,ES,43.5167,-8.1528,63.01,92,10,5.35,clear sky
516,Umm Kaddadah,SD,13.6017,26.6876,79.92,66,28,14.52,scattered clouds
517,Olinda,BR,-8.0089,-34.8553,73.13,83,40,9.22,scattered clouds
518,Sao Miguel Do Araguaia,BR,-13.275,-50.1628,73.81,39,7,3.8,clear sky
519,Bridgetown,BB,13.1,-59.6167,80.69,78,0,9.48,clear sky
520,Levelland,US,33.5873,-102.378,71.19,72,83,13.94,broken clouds
521,Mazara Del Vallo,IT,37.6641,12.588,80.55,80,18,10.45,few clouds
522,Vylkove,UA,45.4021,29.586,73.87,89,0,9.6,clear sky
523,Onoda,JP,34.0014,131.1836,87.76,94,86,13.6,overcast clouds
524,Malakwal,PK,32.5536,73.2123,91.74,57,30,8.1,scattered clouds
525,Mitu,CO,1.1983,-70.1733,68.56,83,54,2.42,broken clouds
526,Ushtobe,KZ,45.2514,77.9838,87.26,12,0,12.1,clear sky
527,Moroni,KM,-11.7022,43.2551,73.33,77,4,14.14,clear sky
528,Arua,UG,3.0201,30.9111,63.23,87,83,8.08,broken clouds
529,Awjilah,LY,29.1081,21.2869,81.93,40,1,6.53,clear sky
530,Praia Da Vitoria,PT,38.7333,-27.0667,74.75,90,98,12.59,overcast clouds
531,Cabatuan,PH,10.8794,122.486,87.57,66,99,14.45,overcast clouds
532,Garcia Hernandez,PH,9.6144,124.2946,85.75,74,86,17.09,overcast clouds
533,Husavik,IS,66.0449,-17.3389,53.22,73,100,1.72,overcast clouds
534,Dharchula,IN,29.85,80.5333,80.2,77,24,3.36,few clouds
535,Hudson Bay,CA,52.85,-102.3842,70.79,41,23,4.43,few clouds
536,Abu Samrah,SY,35.3029,37.1841,76.1,50,0,8.03,clear sky
537,Maniitsoq,GL,65.4167,-52.9,48.29,76,100,1.34,overcast clouds
538,Malia,GR,35.2833,25.4667,84.11,48,0,6.98,clear sky
539,Zaranj,AF,30.9667,61.8833,86.65,13,0,29.77,clear sky
540,At-Bashi,KG,41.1702,75.8106,63.57,50,100,0.87,overcast clouds
541,Kavaratti,IN,10.5669,72.642,82.27,74,59,15.35,broken clouds
542,Bardsir,IR,29.9227,56.5743,74.5,37,13,5.21,few clouds
543,Lebedinyy,RU,58.5167,125.5167,56.34,87,100,3.24,overcast clouds
544,Shache,CN,38.4167,77.2406,68.79,56,100,14.29,overcast clouds
545,Banepa,NP,27.6298,85.5214,75.52,83,40,5.75,scattered clouds
546,Korla,CN,41.7597,86.1469,80.31,16,73,6.96,broken clouds
547,Sainte-Maxime,FR,43.3,6.6333,71.64,50,31,15.37,scattered clouds
548,Cheyenne,US,41.14,-104.8203,66.9,56,100,1.99,overcast clouds
549,Reconquista,AR,-29.15,-59.65,49.68,70,0,4.81,clear sky
550,Barra Patuca,HN,15.8,-84.2833,79.3,88,33,8.39,scattered clouds
551,Adrar,MR,20.5022,-10.0711,89.29,33,44,6.73,scattered clouds
552,Pierre,US,44.3683,-100.351,77.86,49,1,3.0,clear sky
553,Chimore,BO,-16.9833,-65.1333,61.03,51,12,1.63,few clouds
554,Ruwi,OM,23.5996,58.5507,96.49,66,100,4.74,overcast clouds
555,Itoman,JP,26.1247,127.6694,88.18,79,75,17.27,broken clouds
556,Carhuaz,PE,-9.2819,-77.6447,55.76,76,16,8.05,few clouds
557,Kongolo,CD,-5.3833,27.0,71.33,43,17,2.1,few clouds
558,Inirida,CO,3.8653,-67.9239,70.83,97,88,1.41,overcast clouds
559,Svetlogorsk,BY,52.6333,29.7333,66.16,90,98,8.88,overcast clouds
560,Murray Bridge,AU,-35.1167,139.2667,59.49,41,7,18.12,moderate rain
561,Turiacu,BR,-1.6633,-45.3717,71.69,83,79,1.45,broken clouds
562,Oistins,BB,13.0667,-59.5333,80.11,78,0,9.33,clear sky
563,Artesia,US,33.8658,-118.0831,92.89,57,1,5.99,clear sky
564,Oum Hadjer,TD,13.2954,19.6966,73.81,82,100,10.4,overcast clouds
565,Bartow,US,27.8964,-81.8431,85.59,82,1,5.01,clear sky
566,Ola,RU,59.5833,151.2833,59.29,45,10,22.3,clear sky
567,Mbuji-Mayi,CD,-6.15,23.6,69.26,39,57,3.53,broken clouds
568,Kanchanaburi,TH,14.6333,99.1,82.92,69,99,8.75,light rain
569,Yeppoon,AU,-23.1333,150.7333,80.38,57,0,11.23,clear sky
570,Moindou,NC,-21.6924,165.677,73.35,52,0,12.88,clear sky
571,Gap,FR,44.6667,6.0,38.07,85,50,5.86,scattered clouds
572,Vung Tau,VN,10.346,107.0843,85.1,72,69,16.62,broken clouds
573,Starokostyantyniv,UA,49.7576,27.2034,69.46,66,57,13.62,broken clouds
574,Lasa,IT,46.6166,10.7002,51.62,89,84,4.88,broken clouds
575,Grand Gaube,MU,-20.0064,57.6608,71.35,67,7,18.43,clear sky
576,Gladstone,AU,-23.85,151.25,79.79,57,0,11.5,light rain
577,Hamada,JP,34.8833,132.0833,84.11,64,100,3.47,overcast clouds
578,Lodja,CD,-3.4833,23.4333,66.94,43,94,0.83,overcast clouds
579,Chinhoyi,ZW,-17.3667,30.2,51.78,76,2,3.76,clear sky
580,Verkhoyansk,RU,67.5447,133.385,72.09,25,0,4.27,clear sky
581,Tornio,FI,65.8481,24.1466,50.02,91,26,9.37,scattered clouds
582,Araouane,ML,18.9048,-3.5265,91.74,39,5,11.63,clear sky
583,Hualmay,PE,-11.0964,-77.6139,63.34,84,53,8.77,broken clouds
584,Songjianghe,CN,42.1859,127.479,69.12,97,100,0.69,moderate rain
585,Nara,JP,34.6851,135.8049,97.97,45,87,3.06,overcast clouds
586,Inhambane,MZ,-23.865,35.3833,60.19,87,0,5.19,clear sky
587,Fundacion,CO,10.5207,-74.185,85.66,82,90,5.03,overcast clouds
588,Kushmurun,KZ,52.4503,64.6311,76.26,56,18,6.29,few clouds
589,Myingyan,MM,21.4667,95.3833,80.85,71,100,11.43,overcast clouds
590,Luganville,VU,-15.5333,167.1667,75.65,59,35,10.33,scattered clouds
591,Fort Nelson,CA,58.8053,-122.7002,81.81,49,0,4.36,clear sky
592,Kamenka,RU,51.3223,42.7678,71.73,64,4,5.55,clear sky
593,Albury,AU,-36.0833,146.9167,58.1,62,0,5.01,clear sky
594,Mecca,SA,21.4267,39.8261,86.88,44,9,6.31,clear sky
595,Staraya Kulatka,RU,52.7167,47.6167,74.62,59,49,1.28,scattered clouds
596,Aneho,TG,6.2333,1.6,75.2,88,27,8.57,scattered clouds
597,Gambela,ET,8.25,34.5833,69.22,97,100,1.25,light rain
598,Pangkalanbuun,ID,-2.6833,111.6167,89.35,51,64,4.85,broken clouds
599,Mancio Lima,BR,-7.6142,-72.8958,67.48,68,6,1.41,clear sky
600,Tamiahua,MX,21.2667,-97.45,80.17,84,6,7.56,clear sky
601,Male,MV,4.1748,73.5089,81.41,77,100,10.69,overcast clouds
602,Barabai,ID,-2.5833,115.3833,90.14,53,74,1.9,broken clouds
603,Moorhead,US,46.8739,-96.7676,69.98,62,1,0.0,smoke
604,Kaeo,NZ,-35.1,173.7833,64.33,58,17,10.96,few clouds
605,Santa Catalina,PH,9.3337,122.8637,85.62,73,94,12.97,overcast clouds
606,Sargans,CH,47.049,9.441,57.27,95,31,2.68,scattered clouds
607,Brigantine,US,39.4101,-74.3646,70.09,91,38,4.56,scattered clouds
608,Coruripe,BR,-10.1256,-36.1756,71.8,73,3,9.73,clear sky
609,Iwanai,JP,42.9744,140.5089,82.36,85,61,3.76,broken clouds
610,Worthing,GB,50.8145,-0.3713,58.98,91,12,1.01,few clouds
611,North Branch,US,45.5113,-92.9802,69.4,81,30,6.31,scattered clouds
612,Khani,GE,41.9563,42.9566,58.57,89,9,3.38,clear sky
613,Bardiyah,LY,31.7561,25.0865,78.35,82,0,12.01,clear sky
614,Camacari,BR,-12.6975,-38.3242,71.37,91,79,10.33,broken clouds
615,Xiaoshi,CN,41.2971,124.1209,75.25,67,100,2.86,overcast clouds
616,Urubicha,BO,-15.3833,-62.95,67.78,27,4,6.02,clear sky
617,Montepuez,MZ,-13.1256,38.9997,58.55,86,0,4.09,clear sky
618,Asosa,ET,10.0667,34.5333,59.81,84,79,3.06,light rain
619,Gravdal,NO,68.1214,13.5031,48.06,79,100,12.68,overcast clouds
620,Yaan,NG,7.3833,8.5667,71.28,96,100,3.44,overcast clouds
621,Dracena,BR,-21.4843,-51.535,58.42,58,44,7.05,scattered clouds
622,Xam Nua,LA,20.4197,104.0439,74.12,87,100,2.24,overcast clouds
623,Goundam,ML,16.4145,-3.6708,86.09,49,14,14.2,few clouds
624,Nicoya,CR,10.1483,-85.452,78.35,87,100,4.12,overcast clouds
625,Atherton,GB,53.5237,-2.4935,56.59,77,100,3.02,overcast clouds
626,Ottawa,CA,45.4112,-75.6981,62.04,89,97,1.01,overcast clouds
627,Montijo,PT,38.7067,-8.9739,69.67,92,75,4.61,broken clouds
628,Muros,ES,42.7762,-9.0603,66.83,93,86,6.96,overcast clouds
629,Galeana,MX,24.8333,-100.0667,63.32,66,35,1.83,scattered clouds
630,Pocinhos,BR,-7.0767,-36.0611,62.78,88,35,14.29,scattered clouds
631,Cairo,EG,30.0626,31.2497,83.16,25,0,8.05,haze
632,Thunder Bay,CA,48.4001,-89.3168,62.29,80,96,4.36,overcast clouds
633,Kautokeino,NO,69.0125,23.0412,41.65,79,86,1.36,overcast clouds
634,Rodrigues Alves,BR,-7.738,-72.6509,67.84,64,6,1.77,clear sky
635,Toamasina,MG,-18.1667,49.3833,65.79,87,66,5.06,light rain
636,Qurayyat,SA,31.3318,37.3428,76.89,33,0,8.48,clear sky
637,Evensk,RU,61.95,159.2333,51.22,71,100,16.62,overcast clouds
638,Aleksandrovskoye,RU,44.7142,43.0008,64.54,58,0,0.58,clear sky
639,Molteno,ZA,-31.3968,26.3625,39.85,48,54,2.93,broken clouds
640,Huarmey,PE,-10.0681,-78.1522,64.53,85,44,8.32,scattered clouds
641,Caravelas,BR,-17.7125,-39.2481,66.97,75,73,8.5,broken clouds
642,Morgan City,US,29.6994,-91.2068,82.99,100,40,3.44,scattered clouds
643,Cockburn Town,TC,21.4612,-71.1419,82.06,79,100,20.47,overcast clouds
644,Sobolevo,RU,54.4299,31.8996,63.37,96,95,7.11,overcast clouds
645,Vagay,RU,57.9375,69.0217,64.09,86,6,8.52,clear sky
646,Kilindoni,TZ,-7.9139,39.6668,75.65,75,5,14.88,clear sky
647,La Ronge,CA,55.1001,-105.2842,77.25,47,75,2.3,smoke
648,Shelbyville,US,35.4834,-86.4603,72.84,61,1,3.44,clear sky
649,Sao Francisco De Assis,BR,-29.5503,-55.1311,48.92,86,0,4.09,clear sky
650,Jizan,SA,17.3333,42.6667,87.33,56,100,4.47,overcast clouds
651,Kjollefjord,NO,70.9457,27.3465,44.42,93,75,18.41,heavy intensity rain
652,Christchurch,NZ,-43.5333,172.6333,55.33,81,75,5.99,broken clouds
653,Maloy,NO,61.9353,5.1136,53.33,80,13,13.96,few clouds
654,Arman,RU,59.7,150.1667,59.97,41,6,30.06,clear sky
655,Fuente De Oro,CO,3.4594,-73.6128,68.85,88,100,2.64,overcast clouds
656,Dudinka,RU,69.4058,86.1778,63.01,71,93,5.48,overcast clouds
657,Bryan,US,30.6744,-96.37,85.62,77,75,3.44,broken clouds
658,Biak,ID,-0.9131,122.8766,82.15,71,18,5.68,few clouds
659,Abu Dhabi,AE,24.4667,54.3667,87.91,54,64,4.05,broken clouds
660,Pando,UY,-34.7167,-55.95,46.49,93,90,2.3,fog
661,Roma,US,43.2128,-75.4557,62.85,94,90,0.0,overcast clouds
662,Nakatunguru,TZ,-2.1167,33.0667,70.11,57,11,15.23,few clouds
663,Nabire,ID,-3.3667,135.4833,86.94,64,25,4.7,scattered clouds
664,Sicamous,CA,50.8331,-118.9856,77.99,93,100,1.3,overcast clouds
665,Yankton,US,42.8711,-97.3973,66.45,63,1,3.44,haze
666,Ciudad Bolivar,VE,8.1222,-63.5497,76.59,84,99,5.06,overcast clouds
667,Petropavlovsk-Kamchatskiy,RU,53.0452,158.6483,70.39,43,20,6.71,few clouds
668,Atbasar,KZ,51.8,68.3333,77.99,50,13,10.54,few clouds
669,Connersville,US,39.6412,-85.1411,67.17,75,0,7.83,clear sky
670,Flin Flon,CA,54.7682,-101.865,73.15,40,1,4.56,clear sky
671,Zheleznodorozhnyy,RU,55.7503,38.0042,68.36,91,100,3.62,overcast clouds
